Store,SUM of Sales,SUM of Customers,AVERAGE of Sales,AVERAGE of Customers,,,DayOfWeek,AVERAGE of Sales,AVERAGE of Customers,,,,,,,
1,5970,701,1990.00,233.67,,,1,7549.95,757.33,,,,,,,
2,13000,1571,3250.00,392.75,,,2,6880.96,722.78,,,,,,,
3,40470,4582,5781.43,654.57,,,3,6335.84,656.96,,,,,,,
4,38307,5322,7661.40,1064.40,,,4,6105.27,634.32,,,,,,,
5,10769,1841,3589.67,613.67,,,5,6630.42,698.58,,,,,,,
6,21135,1485,5283.75,371.25,,,6,5422.67,602.39,,,,,,,
7,24202,2688,8067.33,896.00,,,7,169.21,27.91,,,,,,,
8,29673,3254,5934.60,650.80,,,Grand Total,5559.49,583.14,,,,,,,
9,24813,1513,4962.60,302.60,,,,,,,,,,,,
10,9133,1131,3044.33,377.00,,,,,,,,,,,,
11,41661,5860,8332.20,1172.00,,,,,,,,,,,,
12,13122,912,4374.00,304.00,,,,,,,,,,,,
13,14768,1016,7384.00,508.00,,,Promo,AVERAGE of Sales,AVERAGE of Customers,,,,,,,
14,0,0,0.00,0.00,,,Yes,7694.72,749.67,,,,,,,
15,5963,633,2981.50,316.50,,,No,4232.23,479.62,,,,,,,
16,29938,4018,5987.60,803.60,,,Grand Total,5559.49,583.14,,,,,,,
17,31713,5477,4530.43,782.43,,,,,,,,,,,,
18,18264,1900,4566.00,475.00,,,,,,,,,,,,
19,24219,2307,6054.75,576.75,,,,,,,,,,,,
20,16591,1819,5530.33,606.33,,,,,,,,,,,,
21,19969,1799,6656.33,599.67,,,CompetitionCategory,AVERAGE of Sales,AVERAGE of Customers,,,,,,,
22,4272,507,1068.00,126.75,,,Far,6733.26,678.62,,,,,,,
23,32436,3471,4054.50,433.88,,,Medium,6077.15,651.90,,,,,,,
24,97969,6613,10885.44,734.78,,,Near,6541.83,683.06,,,,,,,
25,25302,4988,8434.00,1662.67,,,Grand Total,6539.40,673.14,,,,,,,
26,35706,2962,5951.00,493.67,,,,,,,,,,,,
27,18176,2152,9088.00,1076.00,,,,,,,,,,,,
28,32939,3352,4705.57,478.86,,,,,,,,,,,,
29,28291,2483,5658.20,496.60,,,,Assortment,Values,,,,,,,
30,7528,1229,2509.33,409.67,,,,Basic,,,Extended,,,Extra,,
31,22970,1693,5742.50,423.25,,,StoreType,AVERAGE of Sales,SUM of Sales,AVERAGE of Customers,AVERAGE of Sales,SUM of Sales,AVERAGE of Customers,AVERAGE of Sales,SUM of Sales,AVERAGE of Customers
32,7845,864,2615.00,288.00,,,A,5247.89,7661919.00,565.2431507,6234.47,4526226,677.1735537,,,
33,22087,3015,3681.17,502.50,,,B,10368.77,321432.00,1630.225806,,,,10951.92857,153327,2359.785714
34,28800,3860,4800.00,643.33,,,C,5343.46,1624412.00,654.4243421,5982.09,1262222,629.1753555,,,
35,44109,3356,7351.50,559.33,,,D,4981.53,2037446.00,442.5452323,5826.49,4008628,477.2340116,,,
36,37470,4438,6245.00,739.67,,,Grand Total,5283.67,11645209.00,569.7540835,6028.97,9797076,586.2898462,10951.92857,153327,2359.785714
37,4407,579,1469.00,193.00,,,,,,,,,,,,
38,14687,1290,3671.75,322.50,,,,,,,,,,,,
39,20056,2636,4011.20,527.20,,,StoreType,SUM of Sales,,,,,,,,
40,10788,1444,3596.00,481.33,,,A,12194714.00,,,,,,,,
41,4019,308,1339.67,102.67,,,B,474759.00,,,,,,,,
42,20025,1100,6675.00,366.67,,,C,2942411.00,,,,,,,,
43,29892,2028,4982.00,338.00,,,D,6046074.00,,,,,,,,
44,4238,499,2119.00,249.50,,,,,,,,,,,,
45,34184,2517,4883.43,359.57,,,,,,,,,,,,
46,7394,1112,1848.50,278.00,,,,,,,,,,,,
47,48690,6516,4869.00,651.60,,,,,,,,,,,,
48,14212,1586,3553.00,396.50,,,,,,,,,,,,
49,32082,2514,5347.00,419.00,,,,,,,,,,,,
51,33778,2091,4825.43,298.71,,,,,,,,,,,,
52,15416,1032,7708.00,516.00,,,,,,,,,,,,
53,15442,1576,5147.33,525.33,,,,,,,,,,,,
54,20016,1337,6672.00,445.67,,,,,,,,,,,,
55,14469,1679,4823.00,559.67,,,,,,,,,,,,
56,34258,2425,6851.60,485.00,,,,,,,,,,,,
57,36938,3161,12312.67,1053.67,,,,,,,,,,,,
58,11560,990,5780.00,495.00,,,,,,,,,,,,
59,31582,2710,4511.71,387.14,,,,,,,,,,,,
60,19982,1855,6660.67,618.33,,,,,,,,,,,,
61,5601,0,5601.00,0.00,,,,,,,,,,,,
62,21535,2409,4307.00,481.80,,,,,,,,,,,,
63,23324,2188,4664.80,437.60,,,,,,,,,,,,
64,51146,3797,8524.33,632.83,,,,,,,,,,,,
65,13974,1145,4658.00,381.67,,,,,,,,,,,,
66,35609,3564,5934.83,594.00,,,,,,,,,,,,
67,8896,877,2965.33,292.33,,,,,,,,,,,,
68,45061,5163,5632.63,645.38,,,,,,,,,,,,
69,39111,5320,7822.20,1064.00,,,,,,,,,,,,
70,35873,2147,5978.83,357.83,,,,,,,,,,,,
71,21268,1653,10634.00,826.50,,,,,,,,,,,,
72,8877,454,2959.00,151.33,,,,,,,,,,,,
73,14275,1660,2855.00,332.00,,,,,,,,,,,,
75,33649,3489,5608.17,581.50,,,,,,,,,,,,
76,40078,4186,6679.67,697.67,,,,,,,,,,,,
77,59583,4671,7447.88,583.88,,,,,,,,,,,,
78,13766,1694,4588.67,564.67,,,,,,,,,,,,
79,21181,2540,5295.25,635.00,,,,,,,,,,,,
80,24789,1857,6197.25,464.25,,,,,,,,,,,,
81,27088,1558,5417.60,311.60,,,,,,,,,,,,
82,81398,7047,9044.22,783.00,,,,,,,,,,,,
83,18360,1644,3672.00,328.80,,,,,,,,,,,,
84,82073,8689,13678.83,1448.17,,,,,,,,,,,,
85,54899,7618,9149.83,1269.67,,,,,,,,,,,,
86,38395,5432,3490.45,493.82,,,,,,,,,,,,
87,12494,1602,6247.00,801.00,,,,,,,,,,,,
88,43816,4329,6259.43,618.43,,,,,,,,,,,,
89,35602,3562,5933.67,593.67,,,,,,,,,,,,
90,15878,1960,5292.67,653.33,,,,,,,,,,,,
91,20287,2281,2898.14,325.86,,,,,,,,,,,,
92,18870,1649,6290.00,549.67,,,,,,,,,,,,
93,27135,2356,5427.00,471.20,,,,,,,,,,,,
94,12086,1210,4028.67,403.33,,,,,,,,,,,,
95,25585,1713,4264.17,285.50,,,,,,,,,,,,
96,23730,2455,3955.00,409.17,,,,,,,,,,,,
97,7391,782,3695.50,391.00,,,,,,,,,,,,
98,0,0,0.00,0.00,,,,,,,,,,,,
99,1889,206,944.50,103.00,,,,,,,,,,,,
100,33172,2762,8293.00,690.50,,,,,,,,,,,,
101,15409,710,7704.50,355.00,,,,,,,,,,,,
102,19295,2571,6431.67,857.00,,,,,,,,,,,,
103,8737,808,4368.50,404.00,,,,,,,,,,,,
104,64965,6848,8120.63,856.00,,,,,,,,,,,,
105,9086,957,2271.50,239.25,,,,,,,,,,,,
106,50231,2792,10046.20,558.40,,,,,,,,,,,,
107,6965,889,6965.00,889.00,,,,,,,,,,,,
108,44283,3342,8856.60,668.40,,,,,,,,,,,,
109,40688,4580,5812.57,654.29,,,,,,,,,,,,
110,12217,1534,6108.50,767.00,,,,,,,,,,,,
111,6502,0,6502.00,0.00,,,,,,,,,,,,
112,37896,4697,4210.67,521.89,,,,,,,,,,,,
113,46833,4600,5854.13,575.00,,,,,,,,,,,,
114,23142,3247,3306.00,463.86,,,,,,,,,,,,
115,21769,1087,5442.25,271.75,,,,,,,,,,,,
116,53842,4860,5982.44,540.00,,,,,,,,,,,,
117,3151,0,1050.33,0.00,,,,,,,,,,,,
118,0,0,0.00,0.00,,,,,,,,,,,,
119,26989,2423,3855.57,346.14,,,,,,,,,,,,
120,32632,3074,6526.40,614.80,,,,,,,,,,,,
121,12068,774,4022.67,258.00,,,,,,,,,,,,
122,33902,4493,5650.33,748.83,,,,,,,,,,,,
123,52339,5232,7477.00,747.43,,,,,,,,,,,,
124,26158,3912,3736.86,558.86,,,,,,,,,,,,
125,26962,1989,6740.50,497.25,,,,,,,,,,,,
126,81749,4771,8174.90,477.10,,,,,,,,,,,,
127,18939,2479,3787.80,495.80,,,,,,,,,,,,
128,35932,3286,7186.40,657.20,,,,,,,,,,,,
129,9750,1191,9750.00,1191.00,,,,,,,,,,,,
130,21260,1813,4252.00,362.60,,,,,,,,,,,,
131,28216,2354,3527.00,294.25,,,,,,,,,,,,
132,13953,1750,2325.50,291.67,,,,,,,,,,,,
133,30427,2848,5071.17,474.67,,,,,,,,,,,,
134,4040,351,2020.00,175.50,,,,,,,,,,,,
135,33525,2993,4789.29,427.57,,,,,,,,,,,,
136,9550,713,4775.00,356.50,,,,,,,,,,,,
137,51841,5545,8640.17,924.17,,,,,,,,,,,,
138,31165,2808,7791.25,702.00,,,,,,,,,,,,
139,16848,1463,3369.60,292.60,,,,,,,,,,,,
140,33002,2821,5500.33,470.17,,,,,,,,,,,,
141,4738,603,4738.00,603.00,,,,,,,,,,,,
142,24698,2455,3528.29,350.71,,,,,,,,,,,,
143,39834,4946,4979.25,618.25,,,,,,,,,,,,
144,6289,629,6289.00,629.00,,,,,,,,,,,,
145,69153,8729,6915.30,872.90,,,,,,,,,,,,
146,38444,2766,6407.33,461.00,,,,,,,,,,,,
147,39754,3616,6625.67,602.67,,,,,,,,,,,,
148,15883,1532,5294.33,510.67,,,,,,,,,,,,
149,35751,3066,5107.29,438.00,,,,,,,,,,,,
150,44079,4421,8815.80,884.20,,,,,,,,,,,,
151,25221,1619,6305.25,404.75,,,,,,,,,,,,
152,25248,1998,5049.60,399.60,,,,,,,,,,,,
153,42555,2831,6079.29,404.43,,,,,,,,,,,,
154,39718,4682,6619.67,780.33,,,,,,,,,,,,
155,17341,1108,5780.33,369.33,,,,,,,,,,,,
156,25220,3029,5044.00,605.80,,,,,,,,,,,,
157,35960,3778,8990.00,944.50,,,,,,,,,,,,
158,14957,951,7478.50,475.50,,,,,,,,,,,,
159,27103,2843,5420.60,568.60,,,,,,,,,,,,
160,9726,463,4863.00,231.50,,,,,,,,,,,,
161,36191,3329,7238.20,665.80,,,,,,,,,,,,
162,18326,1467,4581.50,366.75,,,,,,,,,,,,
163,33215,3955,6643.00,791.00,,,,,,,,,,,,
164,26291,2636,4381.83,439.33,,,,,,,,,,,,
165,7091,454,3545.50,227.00,,,,,,,,,,,,
166,22201,3338,3700.17,556.33,,,,,,,,,,,,
167,7748,1025,7748.00,1025.00,,,,,,,,,,,,
168,81405,6953,8140.50,695.30,,,,,,,,,,,,
169,9681,984,3227.00,328.00,,,,,,,,,,,,
170,27689,2663,3955.57,380.43,,,,,,,,,,,,
171,31500,4215,5250.00,702.50,,,,,,,,,,,,
172,6559,769,3279.50,384.50,,,,,,,,,,,,
173,39548,4857,7909.60,971.40,,,,,,,,,,,,
174,27123,2273,5424.60,454.60,,,,,,,,,,,,
175,16081,631,5360.33,210.33,,,,,,,,,,,,
176,31983,2035,6396.60,407.00,,,,,,,,,,,,
177,5226,556,5226.00,556.00,,,,,,,,,,,,
178,72388,5631,8043.11,625.67,,,,,,,,,,,,
179,44070,6307,7345.00,1051.17,,,,,,,,,,,,
180,26375,3629,6593.75,907.25,,,,,,,,,,,,
181,7055,405,3527.50,202.50,,,,,,,,,,,,
182,20268,1448,6756.00,482.67,,,,,,,,,,,,
183,15297,595,3824.25,148.75,,,,,,,,,,,,
184,64855,6005,5895.91,545.91,,,,,,,,,,,,
185,39331,2318,5618.71,331.14,,,,,,,,,,,,
186,6292,1125,1573.00,281.25,,,,,,,,,,,,
187,7187,941,7187.00,941.00,,,,,,,,,,,,
188,31712,1772,5285.33,295.33,,,,,,,,,,,,
189,39365,4079,5623.57,582.71,,,,,,,,,,,,
190,40143,3487,8028.60,697.40,,,,,,,,,,,,
191,27528,3664,5505.60,732.80,,,,,,,,,,,,
192,52485,3584,13121.25,896.00,,,,,,,,,,,,
193,12546,1672,4182.00,557.33,,,,,,,,,,,,
194,35051,3013,4381.38,376.63,,,,,,,,,,,,
195,71092,8974,8886.50,1121.75,,,,,,,,,,,,
196,53425,6508,4856.82,591.64,,,,,,,,,,,,
197,28063,3276,7015.75,819.00,,,,,,,,,,,,
198,12854,1467,2570.80,293.40,,,,,,,,,,,,
199,46273,3045,5784.13,380.63,,,,,,,,,,,,
200,15959,2025,7979.50,1012.50,,,,,,,,,,,,
201,15921,1351,5307.00,450.33,,,,,,,,,,,,
202,55674,4086,6186.00,454.00,,,,,,,,,,,,
203,13206,1721,4402.00,573.67,,,,,,,,,,,,
204,5491,553,5491.00,553.00,,,,,,,,,,,,
205,30919,4180,6183.80,836.00,,,,,,,,,,,,
206,25071,3502,5014.20,700.40,,,,,,,,,,,,
207,18881,2339,6293.67,779.67,,,,,,,,,,,,
208,24878,3385,3109.75,423.13,,,,,,,,,,,,
209,16232,1652,2705.33,275.33,,,,,,,,,,,,
210,12163,1292,1105.73,117.45,,,,,,,,,,,,
211,75732,6879,12622.00,1146.50,,,,,,,,,,,,
212,34215,2004,4276.88,250.50,,,,,,,,,,,,
213,38413,2043,6402.17,340.50,,,,,,,,,,,,
214,46464,2817,7744.00,469.50,,,,,,,,,,,,
215,12262,973,4087.33,324.33,,,,,,,,,,,,
216,34253,5194,4893.29,742.00,,,,,,,,,,,,
217,17701,1788,4425.25,447.00,,,,,,,,,,,,
218,7771,1183,3885.50,591.50,,,,,,,,,,,,
219,5236,409,1745.33,136.33,,,,,,,,,,,,
220,13567,772,3391.75,193.00,,,,,,,,,,,,
221,40822,3505,5831.71,500.71,,,,,,,,,,,,
222,8111,1070,2027.75,267.50,,,,,,,,,,,,
223,20345,1924,5086.25,481.00,,,,,,,,,,,,
224,47622,3453,6803.14,493.29,,,,,,,,,,,,
225,16757,1653,3351.40,330.60,,,,,,,,,,,,
226,58584,4892,6509.33,543.56,,,,,,,,,,,,
227,18013,1685,3602.60,337.00,,,,,,,,,,,,
228,23692,1707,3948.67,284.50,,,,,,,,,,,,
229,69754,5663,6975.40,566.30,,,,,,,,,,,,
230,14520,1786,7260.00,893.00,,,,,,,,,,,,
232,11704,963,3901.33,321.00,,,,,,,,,,,,
233,51998,5911,8666.33,985.17,,,,,,,,,,,,
234,94152,8912,10461.33,990.22,,,,,,,,,,,,
235,22874,1495,3812.33,249.17,,,,,,,,,,,,
236,12079,1702,6039.50,851.00,,,,,,,,,,,,
237,23587,2490,4717.40,498.00,,,,,,,,,,,,
238,55179,6271,7882.71,895.86,,,,,,,,,,,,
239,37417,3377,4677.13,422.13,,,,,,,,,,,,
240,20923,2039,3487.17,339.83,,,,,,,,,,,,
241,17555,1308,5851.67,436.00,,,,,,,,,,,,
243,26180,2868,6545.00,717.00,,,,,,,,,,,,
244,26014,2612,5202.80,522.40,,,,,,,,,,,,
245,53238,5029,8873.00,838.17,,,,,,,,,,,,
246,28611,3064,5722.20,612.80,,,,,,,,,,,,
247,34568,3609,5761.33,601.50,,,,,,,,,,,,
248,41977,5771,6996.17,961.83,,,,,,,,,,,,
249,23055,2965,4611.00,593.00,,,,,,,,,,,,
250,14440,1257,4813.33,419.00,,,,,,,,,,,,
251,125561,19302,12556.10,1930.20,,,,,,,,,,,,
252,25958,2227,8652.67,742.33,,,,,,,,,,,,
253,42245,4719,6035.00,674.14,,,,,,,,,,,,
254,12913,1024,3228.25,256.00,,,,,,,,,,,,
255,12697,1313,6348.50,656.50,,,,,,,,,,,,
256,55044,5555,11008.80,1111.00,,,,,,,,,,,,
257,14103,1761,4701.00,587.00,,,,,,,,,,,,
258,18288,1076,6096.00,358.67,,,,,,,,,,,,
259,12874,2389,12874.00,2389.00,,,,,,,,,,,,
260,12945,1811,4315.00,603.67,,,,,,,,,,,,
261,58883,3588,9813.83,598.00,,,,,,,,,,,,
262,94624,15648,18924.80,3129.60,,,,,,,,,,,,
263,17995,1788,2570.71,255.43,,,,,,,,,,,,
264,37188,5175,6198.00,862.50,,,,,,,,,,,,
265,25289,2693,4214.83,448.83,,,,,,,,,,,,
266,11399,769,5699.50,384.50,,,,,,,,,,,,
267,17268,2053,5756.00,684.33,,,,,,,,,,,,
268,13135,2460,2189.17,410.00,,,,,,,,,,,,
269,56464,5913,9410.67,985.50,,,,,,,,,,,,
270,16072,2285,8036.00,1142.50,,,,,,,,,,,,
271,18806,1930,4701.50,482.50,,,,,,,,,,,,
272,16349,2361,4087.25,590.25,,,,,,,,,,,,
273,35391,3300,8847.75,825.00,,,,,,,,,,,,
274,28188,5671,4026.86,810.14,,,,,,,,,,,,
275,15368,1491,7684.00,745.50,,,,,,,,,,,,
276,22887,2330,3814.50,388.33,,,,,,,,,,,,
277,7340,630,7340.00,630.00,,,,,,,,,,,,
278,28614,2395,5722.80,479.00,,,,,,,,,,,,
279,27058,2562,6764.50,640.50,,,,,,,,,,,,
280,13802,1052,4600.67,350.67,,,,,,,,,,,,
281,61436,5410,4725.85,416.15,,,,,,,,,,,,
282,10301,1425,3433.67,475.00,,,,,,,,,,,,
283,34189,3468,4884.14,495.43,,,,,,,,,,,,
284,17941,1512,3588.20,302.40,,,,,,,,,,,,
285,17904,1555,4476.00,388.75,,,,,,,,,,,,
286,49917,4858,4159.75,404.83,,,,,,,,,,,,
287,43575,4315,7262.50,719.17,,,,,,,,,,,,
288,8789,680,4394.50,340.00,,,,,,,,,,,,
289,27327,2356,6831.75,589.00,,,,,,,,,,,,
290,30677,2706,5112.83,451.00,,,,,,,,,,,,
291,14021,1309,7010.50,654.50,,,,,,,,,,,,
292,30682,3419,4383.14,488.43,,,,,,,,,,,,
293,32392,4130,6478.40,826.00,,,,,,,,,,,,
294,12511,1652,2502.20,330.40,,,,,,,,,,,,
295,25538,3326,3648.29,475.14,,,,,,,,,,,,
296,37650,3353,5378.57,479.00,,,,,,,,,,,,
297,35176,4280,5862.67,713.33,,,,,,,,,,,,
298,25094,2127,8364.67,709.00,,,,,,,,,,,,
299,28130,3677,7032.50,919.25,,,,,,,,,,,,
300,48239,5119,6029.88,639.88,,,,,,,,,,,,
301,24432,1315,4886.40,263.00,,,,,,,,,,,,
302,20765,1840,2595.63,230.00,,,,,,,,,,,,
303,36997,4006,4110.78,445.11,,,,,,,,,,,,
304,20035,2057,6678.33,685.67,,,,,,,,,,,,
305,4191,421,2095.50,210.50,,,,,,,,,,,,
307,16197,1754,3239.40,350.80,,,,,,,,,,,,
308,47095,5609,6727.86,801.29,,,,,,,,,,,,
309,46708,3090,7784.67,515.00,,,,,,,,,,,,
310,58347,4789,6483.00,532.11,,,,,,,,,,,,
311,51409,6185,6426.13,773.13,,,,,,,,,,,,
312,19763,1801,4940.75,450.25,,,,,,,,,,,,
313,18472,1965,4618.00,491.25,,,,,,,,,,,,
314,23356,2477,5839.00,619.25,,,,,,,,,,,,
315,10481,1022,5240.50,511.00,,,,,,,,,,,,
316,21278,933,7092.67,311.00,,,,,,,,,,,,
317,27875,3070,5575.00,614.00,,,,,,,,,,,,
318,29328,2497,7332.00,624.25,,,,,,,,,,,,
319,32619,3058,5436.50,509.67,,,,,,,,,,,,
320,25712,3747,12856.00,1873.50,,,,,,,,,,,,
321,52441,5223,5244.10,522.30,,,,,,,,,,,,
322,22022,1205,5505.50,301.25,,,,,,,,,,,,
323,63315,3460,9045.00,494.29,,,,,,,,,,,,
324,19667,3196,4916.75,799.00,,,,,,,,,,,,
325,41565,4586,5937.86,655.14,,,,,,,,,,,,
326,29207,2425,4867.83,404.17,,,,,,,,,,,,
327,37819,3758,6303.17,626.33,,,,,,,,,,,,
328,25355,2225,3169.38,278.13,,,,,,,,,,,,
329,36137,3295,6022.83,549.17,,,,,,,,,,,,
330,21135,1650,3019.29,235.71,,,,,,,,,,,,
331,28075,3842,7018.75,960.50,,,,,,,,,,,,
332,16005,1989,2286.43,284.14,,,,,,,,,,,,
333,39385,4082,6564.17,680.33,,,,,,,,,,,,
334,8045,957,2681.67,319.00,,,,,,,,,,,,
335,63920,12416,12784.00,2483.20,,,,,,,,,,,,
336,60179,8265,10029.83,1377.50,,,,,,,,,,,,
337,33431,2605,4178.88,325.63,,,,,,,,,,,,
338,22945,1839,4589.00,367.80,,,,,,,,,,,,
339,6317,698,1579.25,174.50,,,,,,,,,,,,
340,34506,3105,6901.20,621.00,,,,,,,,,,,,
341,49175,7041,5463.89,782.33,,,,,,,,,,,,
342,35960,1879,5993.33,313.17,,,,,,,,,,,,
343,26242,1888,5248.40,377.60,,,,,,,,,,,,
344,18627,2005,6209.00,668.33,,,,,,,,,,,,
345,10405,550,5202.50,275.00,,,,,,,,,,,,
346,30815,2672,5135.83,445.33,,,,,,,,,,,,
347,13893,1070,3473.25,267.50,,,,,,,,,,,,
348,48571,4118,6938.71,588.29,,,,,,,,,,,,
349,33907,3422,6781.40,684.40,,,,,,,,,,,,
350,56093,4223,6232.56,469.22,,,,,,,,,,,,
351,6256,536,1564.00,134.00,,,,,,,,,,,,
352,19460,1936,6486.67,645.33,,,,,,,,,,,,
353,29807,8027,4967.83,1337.83,,,,,,,,,,,,
354,39599,3099,9899.75,774.75,,,,,,,,,,,,
355,47397,7095,7899.50,1182.50,,,,,,,,,,,,
356,33454,2119,4779.14,302.71,,,,,,,,,,,,
357,42052,4735,7008.67,789.17,,,,,,,,,,,,
358,76457,8585,9557.13,1073.13,,,,,,,,,,,,
359,32797,2870,6559.40,574.00,,,,,,,,,,,,
360,37255,3943,7451.00,788.60,,,,,,,,,,,,
361,27639,3052,4606.50,508.67,,,,,,,,,,,,
362,25199,4338,4199.83,723.00,,,,,,,,,,,,
363,35411,3799,7082.20,759.80,,,,,,,,,,,,
364,3273,967,1636.50,483.50,,,,,,,,,,,,
365,26127,2939,4354.50,489.83,,,,,,,,,,,,
366,19532,1802,6510.67,600.67,,,,,,,,,,,,
367,21822,2633,3637.00,438.83,,,,,,,,,,,,
368,26193,1344,8731.00,448.00,,,,,,,,,,,,
369,35638,2271,5091.14,324.43,,,,,,,,,,,,
370,25849,2025,8616.33,675.00,,,,,,,,,,,,
371,28330,2187,5666.00,437.40,,,,,,,,,,,,
372,51618,3487,7374.00,498.14,,,,,,,,,,,,
373,6656,472,2218.67,157.33,,,,,,,,,,,,
374,39325,4132,4369.44,459.11,,,,,,,,,,,,
375,47548,5404,6792.57,772.00,,,,,,,,,,,,
376,33587,5109,3731.89,567.67,,,,,,,,,,,,
377,15819,1911,5273.00,637.00,,,,,,,,,,,,
378,43592,5552,5449.00,694.00,,,,,,,,,,,,
379,19219,2188,3843.80,437.60,,,,,,,,,,,,
380,113407,9036,14175.88,1129.50,,,,,,,,,,,,
381,21718,1016,10859.00,508.00,,,,,,,,,,,,
382,36461,2795,7292.20,559.00,,,,,,,,,,,,
383,71051,6644,17762.75,1661.00,,,,,,,,,,,,
384,13813,1819,4604.33,606.33,,,,,,,,,,,,
385,35158,2663,5022.57,380.43,,,,,,,,,,,,
386,22111,1270,7370.33,423.33,,,,,,,,,,,,
387,20984,5304,3497.33,884.00,,,,,,,,,,,,
388,29056,4651,7264.00,1162.75,,,,,,,,,,,,
389,22345,2554,11172.50,1277.00,,,,,,,,,,,,
390,49305,6369,7043.57,909.86,,,,,,,,,,,,
391,37360,3931,5337.14,561.57,,,,,,,,,,,,
392,26956,1764,5391.20,352.80,,,,,,,,,,,,
393,24206,3006,4034.33,501.00,,,,,,,,,,,,
394,30143,2284,6028.60,456.80,,,,,,,,,,,,
395,14963,1950,2992.60,390.00,,,,,,,,,,,,
396,27255,3550,5451.00,710.00,,,,,,,,,,,,
397,22903,3474,4580.60,694.80,,,,,,,,,,,,
398,42001,5113,3500.08,426.08,,,,,,,,,,,,
399,15183,1576,3795.75,394.00,,,,,,,,,,,,
400,53492,7768,7641.71,1109.71,,,,,,,,,,,,
401,67658,5823,7517.56,647.00,,,,,,,,,,,,
402,19857,2227,2836.71,318.14,,,,,,,,,,,,
403,47363,4877,5920.38,609.63,,,,,,,,,,,,
404,22569,2703,5642.25,675.75,,,,,,,,,,,,
405,21504,2733,3584.00,455.50,,,,,,,,,,,,
406,11662,890,5831.00,445.00,,,,,,,,,,,,
407,25569,2346,3196.13,293.25,,,,,,,,,,,,
408,34346,3495,3434.60,349.50,,,,,,,,,,,,
409,29689,2666,4948.17,444.33,,,,,,,,,,,,
410,20339,2740,5084.75,685.00,,,,,,,,,,,,
411,42236,2770,7039.33,461.67,,,,,,,,,,,,
412,46729,2892,5841.13,361.50,,,,,,,,,,,,
413,30728,3787,6145.60,757.40,,,,,,,,,,,,
414,8568,588,4284.00,294.00,,,,,,,,,,,,
415,22770,1668,7590.00,556.00,,,,,,,,,,,,
416,71066,8679,10152.29,1239.86,,,,,,,,,,,,
417,0,1307,0.00,653.50,,,,,,,,,,,,
418,18009,2047,4502.25,511.75,,,,,,,,,,,,
419,20589,3454,5147.25,863.50,,,,,,,,,,,,
420,19226,1734,3204.33,289.00,,,,,,,,,,,,
421,27229,2973,9076.33,991.00,,,,,,,,,,,,
422,13378,856,4459.33,285.33,,,,,,,,,,,,
423,49499,7099,9899.80,1419.80,,,,,,,,,,,,
424,22701,2454,5675.25,613.50,,,,,,,,,,,,
425,32151,4421,3215.10,442.10,,,,,,,,,,,,
426,14748,1941,4916.00,647.00,,,,,,,,,,,,
427,36556,3769,6092.67,628.17,,,,,,,,,,,,
428,32259,2510,4608.43,358.57,,,,,,,,,,,,
429,3571,353,3571.00,353.00,,,,,,,,,,,,
430,25948,2059,8649.33,686.33,,,,,,,,,,,,
431,48081,3096,8013.50,516.00,,,,,,,,,,,,
432,39409,3932,9852.25,983.00,,,,,,,,,,,,
433,21945,2513,5486.25,628.25,,,,,,,,,,,,
435,9010,1042,2252.50,260.50,,,,,,,,,,,,
436,37259,3068,4657.38,383.50,,,,,,,,,,,,
437,7470,710,3735.00,355.00,,,,,,,,,,,,
438,14208,1090,2841.60,218.00,,,,,,,,,,,,
439,56909,6207,5690.90,620.70,,,,,,,,,,,,
440,46333,4824,4212.09,438.55,,,,,,,,,,,,
441,23675,2723,5918.75,680.75,,,,,,,,,,,,
442,2971,362,1485.50,181.00,,,,,,,,,,,,
443,4995,465,1248.75,116.25,,,,,,,,,,,,
444,77775,8563,11110.71,1223.29,,,,,,,,,,,,
445,31783,4765,5297.17,794.17,,,,,,,,,,,,
446,23636,3528,3939.33,588.00,,,,,,,,,,,,
447,14527,2333,2905.40,466.60,,,,,,,,,,,,
448,58840,4706,8405.71,672.29,,,,,,,,,,,,
449,8955,2748,4477.50,1374.00,,,,,,,,,,,,
450,53610,6348,6701.25,793.50,,,,,,,,,,,,
451,22693,2568,4538.60,513.60,,,,,,,,,,,,
452,42889,3207,6127.00,458.14,,,,,,,,,,,,
453,31191,2942,6238.20,588.40,,,,,,,,,,,,
454,39320,4747,6553.33,791.17,,,,,,,,,,,,
455,36422,1864,6070.33,310.67,,,,,,,,,,,,
456,43103,6356,6157.57,908.00,,,,,,,,,,,,
457,13277,1128,4425.67,376.00,,,,,,,,,,,,
458,32769,2388,8192.25,597.00,,,,,,,,,,,,
459,49398,5163,6174.75,645.38,,,,,,,,,,,,
460,22123,2035,3160.43,290.71,,,,,,,,,,,,
461,20443,1959,3407.17,326.50,,,,,,,,,,,,
462,0,0,0.00,0.00,,,,,,,,,,,,
463,41415,5898,3765.00,536.18,,,,,,,,,,,,
464,27596,2222,6899.00,555.50,,,,,,,,,,,,
465,34907,2689,5817.83,448.17,,,,,,,,,,,,
466,18401,2867,3680.20,573.40,,,,,,,,,,,,
467,49993,4484,9998.60,896.80,,,,,,,,,,,,
468,23607,1874,4721.40,374.80,,,,,,,,,,,,
469,64318,6036,12863.60,1207.20,,,,,,,,,,,,
470,14033,3798,3508.25,949.50,,,,,,,,,,,,
471,20445,1813,5111.25,453.25,,,,,,,,,,,,
472,23299,3025,4659.80,605.00,,,,,,,,,,,,
473,6744,338,1686.00,84.50,,,,,,,,,,,,
474,28402,2918,4733.67,486.33,,,,,,,,,,,,
475,28472,4689,3163.56,521.00,,,,,,,,,,,,
476,20273,2372,4054.60,474.40,,,,,,,,,,,,
477,35955,2058,5992.50,343.00,,,,,,,,,,,,
478,28622,2456,4088.86,350.86,,,,,,,,,,,,
479,19077,2137,9538.50,1068.50,,,,,,,,,,,,
480,25174,3150,5034.80,630.00,,,,,,,,,,,,
481,28607,2823,4086.71,403.29,,,,,,,,,,,,
482,33831,3987,5638.50,664.50,,,,,,,,,,,,
483,29976,3593,5995.20,718.60,,,,,,,,,,,,
484,37809,3164,7561.80,632.80,,,,,,,,,,,,
485,12638,1188,2527.60,237.60,,,,,,,,,,,,
486,3612,471,1806.00,235.50,,,,,,,,,,,,
487,21586,2064,5396.50,516.00,,,,,,,,,,,,
488,19133,1977,3826.60,395.40,,,,,,,,,,,,
489,2943,287,2943.00,287.00,,,,,,,,,,,,
490,58245,7519,7280.63,939.88,,,,,,,,,,,,
491,13334,1164,3333.50,291.00,,,,,,,,,,,,
492,15664,2117,5221.33,705.67,,,,,,,,,,,,
493,43833,4183,7305.50,697.17,,,,,,,,,,,,
494,28244,3771,7061.00,942.75,,,,,,,,,,,,
495,17221,770,4305.25,192.50,,,,,,,,,,,,
496,60203,6120,8600.43,874.29,,,,,,,,,,,,
497,57749,6940,8249.86,991.43,,,,,,,,,,,,
498,33059,3348,5509.83,558.00,,,,,,,,,,,,
499,45648,6688,4564.80,668.80,,,,,,,,,,,,
500,0,0,0.00,0.00,,,,,,,,,,,,
501,28921,2546,5784.20,509.20,,,,,,,,,,,,
502,13910,1768,6955.00,884.00,,,,,,,,,,,,
503,26611,2548,6652.75,637.00,,,,,,,,,,,,
504,32058,4681,5343.00,780.17,,,,,,,,,,,,
505,23773,2803,5943.25,700.75,,,,,,,,,,,,
506,61821,7186,6182.10,718.60,,,,,,,,,,,,
507,29138,2143,9712.67,714.33,,,,,,,,,,,,
508,15737,1503,3147.40,300.60,,,,,,,,,,,,
509,35058,2626,5843.00,437.67,,,,,,,,,,,,
510,20508,1558,3418.00,259.67,,,,,,,,,,,,
511,27358,4796,3908.29,685.14,,,,,,,,,,,,
512,24147,4905,4829.40,981.00,,,,,,,,,,,,
513,92783,12675,15463.83,2112.50,,,,,,,,,,,,
514,11795,1214,3931.67,404.67,,,,,,,,,,,,
515,39565,3447,7913.00,689.40,,,,,,,,,,,,
516,28151,2939,4691.83,489.83,,,,,,,,,,,,
517,16986,1923,3397.20,384.60,,,,,,,,,,,,
518,18802,1745,3760.40,349.00,,,,,,,,,,,,
519,19697,1554,3939.40,310.80,,,,,,,,,,,,
520,0,0,0.00,0.00,,,,,,,,,,,,
521,8925,737,2975.00,245.67,,,,,,,,,,,,
522,6427,1079,3213.50,539.50,,,,,,,,,,,,
523,54699,5094,10939.80,1018.80,,,,,,,,,,,,
524,7950,1629,2650.00,543.00,,,,,,,,,,,,
525,51289,5422,7327.00,774.57,,,,,,,,,,,,
526,40897,6239,5842.43,891.29,,,,,,,,,,,,
527,78098,6782,8677.56,753.56,,,,,,,,,,,,
528,21391,1947,10695.50,973.50,,,,,,,,,,,,
529,58347,5412,7293.38,676.50,,,,,,,,,,,,
530,31941,5331,5323.50,888.50,,,,,,,,,,,,
531,15559,1886,5186.33,628.67,,,,,,,,,,,,
532,60988,8298,6776.44,922.00,,,,,,,,,,,,
533,49930,4657,9986.00,931.40,,,,,,,,,,,,
534,10533,700,3511.00,233.33,,,,,,,,,,,,
535,64878,4752,9268.29,678.86,,,,,,,,,,,,
536,23113,3708,5778.25,927.00,,,,,,,,,,,,
537,32774,2430,4096.75,303.75,,,,,,,,,,,,
538,22250,2341,2781.25,292.63,,,,,,,,,,,,
539,47675,5976,9535.00,1195.20,,,,,,,,,,,,
540,15428,1121,3857.00,280.25,,,,,,,,,,,,
541,35175,4674,5862.50,779.00,,,,,,,,,,,,
542,13953,1115,4651.00,371.67,,,,,,,,,,,,
543,13773,1213,1967.57,173.29,,,,,,,,,,,,
544,60937,5641,15234.25,1410.25,,,,,,,,,,,,
545,78430,8312,8714.44,923.56,,,,,,,,,,,,
546,95407,9138,11925.88,1142.25,,,,,,,,,,,,
547,3991,0,1330.33,0.00,,,,,,,,,,,,
548,26373,2419,3767.57,345.57,,,,,,,,,,,,
549,16162,1343,3232.40,268.60,,,,,,,,,,,,
550,41513,2608,4151.30,260.80,,,,,,,,,,,,
551,22135,4477,3689.17,746.17,,,,,,,,,,,,
552,39022,4301,3902.20,430.10,,,,,,,,,,,,
553,18389,1697,6129.67,565.67,,,,,,,,,,,,
554,27142,2696,4523.67,449.33,,,,,,,,,,,,
555,35208,2853,7041.60,570.60,,,,,,,,,,,,
556,56343,6023,5634.30,602.30,,,,,,,,,,,,
557,19690,2829,4922.50,707.25,,,,,,,,,,,,
558,7370,1010,3685.00,505.00,,,,,,,,,,,,
559,11232,1547,5616.00,773.50,,,,,,,,,,,,
560,45328,5006,11332.00,1251.50,,,,,,,,,,,,
561,19288,1905,3857.60,381.00,,,,,,,,,,,,
562,112911,19040,18818.50,3173.33,,,,,,,,,,,,
563,14771,2448,4923.67,816.00,,,,,,,,,,,,
564,16960,1464,4240.00,366.00,,,,,,,,,,,,
565,21965,2609,5491.25,652.25,,,,,,,,,,,,
566,18202,2968,2600.29,424.00,,,,,,,,,,,,
567,55378,6896,5034.36,626.91,,,,,,,,,,,,
568,33479,1667,4782.71,238.14,,,,,,,,,,,,
569,35020,5587,4377.50,698.38,,,,,,,,,,,,
570,15822,2485,3955.50,621.25,,,,,,,,,,,,
571,44544,3363,7424.00,560.50,,,,,,,,,,,,
572,21172,1749,7057.33,583.00,,,,,,,,,,,,
573,16621,1437,4155.25,359.25,,,,,,,,,,,,
574,41234,3118,5890.57,445.43,,,,,,,,,,,,
575,29252,2442,7313.00,610.50,,,,,,,,,,,,
576,25169,2868,6292.25,717.00,,,,,,,,,,,,
577,9854,1265,3284.67,421.67,,,,,,,,,,,,
578,46706,4555,7784.33,759.17,,,,,,,,,,,,
579,26043,1624,6510.75,406.00,,,,,,,,,,,,
580,25298,5363,6324.50,1340.75,,,,,,,,,,,,
581,12557,1382,4185.67,460.67,,,,,,,,,,,,
582,38016,4695,4752.00,586.88,,,,,,,,,,,,
583,30882,2378,5147.00,396.33,,,,,,,,,,,,
584,18526,1718,3705.20,343.60,,,,,,,,,,,,
585,19698,2343,4924.50,585.75,,,,,,,,,,,,
586,93596,21474,10399.56,2386.00,,,,,,,,,,,,
587,22395,1625,7465.00,541.67,,,,,,,,,,,,
588,29196,2745,4866.00,457.50,,,,,,,,,,,,
589,22467,1687,3744.50,281.17,,,,,,,,,,,,
590,9260,1131,1852.00,226.20,,,,,,,,,,,,
591,40291,3508,5036.38,438.50,,,,,,,,,,,,
592,32161,2594,4594.43,370.57,,,,,,,,,,,,
593,53963,7030,8993.83,1171.67,,,,,,,,,,,,
594,9933,416,4966.50,208.00,,,,,,,,,,,,
595,50587,9017,10117.40,1803.40,,,,,,,,,,,,
596,29769,4706,3307.67,522.89,,,,,,,,,,,,
597,25401,3815,3628.71,545.00,,,,,,,,,,,,
598,12559,738,6279.50,369.00,,,,,,,,,,,,
599,53650,4007,7664.29,572.43,,,,,,,,,,,,
600,24849,1212,4969.80,242.40,,,,,,,,,,,,
601,31671,2749,4524.43,392.71,,,,,,,,,,,,
602,38183,3487,4772.88,435.88,,,,,,,,,,,,
603,18801,2645,6267.00,881.67,,,,,,,,,,,,
604,82190,5867,7471.82,533.36,,,,,,,,,,,,
605,28993,2261,5798.60,452.20,,,,,,,,,,,,
606,11852,1178,3950.67,392.67,,,,,,,,,,,,
607,11705,1203,2926.25,300.75,,,,,,,,,,,,
608,56477,4139,7059.63,517.38,,,,,,,,,,,,
609,25214,2744,3602.00,392.00,,,,,,,,,,,,
610,24748,1631,3093.50,203.88,,,,,,,,,,,,
611,15953,1356,5317.67,452.00,,,,,,,,,,,,
612,13524,810,6762.00,405.00,,,,,,,,,,,,
613,24220,2653,6055.00,663.25,,,,,,,,,,,,
614,31651,6319,4521.57,902.71,,,,,,,,,,,,
615,35794,5343,7158.80,1068.60,,,,,,,,,,,,
616,62647,3559,8949.57,508.43,,,,,,,,,,,,
617,14970,1301,7485.00,650.50,,,,,,,,,,,,
619,9901,975,4950.50,487.50,,,,,,,,,,,,
620,27050,3183,6762.50,795.75,,,,,,,,,,,,
621,15113,2159,5037.67,719.67,,,,,,,,,,,,
622,4233,408,4233.00,408.00,,,,,,,,,,,,
623,37892,3999,5413.14,571.29,,,,,,,,,,,,
624,52525,4923,4775.00,447.55,,,,,,,,,,,,
625,26011,2043,5202.20,408.60,,,,,,,,,,,,
626,15788,1463,5262.67,487.67,,,,,,,,,,,,
627,31711,3209,6342.20,641.80,,,,,,,,,,,,
628,56731,6694,7091.38,836.75,,,,,,,,,,,,
629,30958,2077,7739.50,519.25,,,,,,,,,,,,
631,33491,1889,4784.43,269.86,,,,,,,,,,,,
632,13345,1781,3336.25,445.25,,,,,,,,,,,,
633,6925,587,6925.00,587.00,,,,,,,,,,,,
634,16767,1887,5589.00,629.00,,,,,,,,,,,,
635,19719,2030,3943.80,406.00,,,,,,,,,,,,
636,10913,1346,5456.50,673.00,,,,,,,,,,,,
637,7194,633,7194.00,633.00,,,,,,,,,,,,
638,0,519,0.00,519.00,,,,,,,,,,,,
639,10662,757,2665.50,189.25,,,,,,,,,,,,
640,39494,3041,7898.80,608.20,,,,,,,,,,,,
641,21997,2332,3666.17,388.67,,,,,,,,,,,,
642,11034,998,2758.50,249.50,,,,,,,,,,,,
643,20963,2822,6987.67,940.67,,,,,,,,,,,,
644,23326,2638,7775.33,879.33,,,,,,,,,,,,
645,58799,6973,11759.80,1394.60,,,,,,,,,,,,
648,10813,0,10813.00,0.00,,,,,,,,,,,,
649,15119,1639,1889.88,204.88,,,,,,,,,,,,
650,5400,604,5400.00,604.00,,,,,,,,,,,,
651,21952,2757,5488.00,689.25,,,,,,,,,,,,
652,9582,920,3194.00,306.67,,,,,,,,,,,,
653,34855,2502,5809.17,417.00,,,,,,,,,,,,
654,7491,858,1872.75,214.50,,,,,,,,,,,,
655,0,0,0.00,0.00,,,,,,,,,,,,
656,19869,1964,3311.50,327.33,,,,,,,,,,,,
657,41289,3781,5898.43,540.14,,,,,,,,,,,,
658,31986,3106,6397.20,621.20,,,,,,,,,,,,
659,16477,1899,4119.25,474.75,,,,,,,,,,,,
660,4999,534,1666.33,178.00,,,,,,,,,,,,
661,30882,2458,7720.50,614.50,,,,,,,,,,,,
662,54658,3925,7808.29,560.71,,,,,,,,,,,,
663,21871,2651,5467.75,662.75,,,,,,,,,,,,
664,11845,1515,3948.33,505.00,,,,,,,,,,,,
665,41845,5846,8369.00,1169.20,,,,,,,,,,,,
666,13913,764,6956.50,382.00,,,,,,,,,,,,
667,24058,1500,6014.50,375.00,,,,,,,,,,,,
668,45284,5863,7547.33,977.17,,,,,,,,,,,,
669,16232,1663,3246.40,332.60,,,,,,,,,,,,
670,23250,2607,5812.50,651.75,,,,,,,,,,,,
671,22708,2134,5677.00,533.50,,,,,,,,,,,,
672,39301,6655,6550.17,1109.17,,,,,,,,,,,,
673,42850,3112,5356.25,389.00,,,,,,,,,,,,
674,72023,8729,9002.88,1091.13,,,,,,,,,,,,
675,5105,511,5105.00,511.00,,,,,,,,,,,,
676,75244,14532,9405.50,1816.50,,,,,,,,,,,,
677,39336,2539,6556.00,423.17,,,,,,,,,,,,
678,41132,4862,5876.00,694.57,,,,,,,,,,,,
679,40516,4307,8103.20,861.40,,,,,,,,,,,,
680,26505,3650,6626.25,912.50,,,,,,,,,,,,
681,18796,2729,3132.67,454.83,,,,,,,,,,,,
682,49985,9736,9997.00,1947.20,,,,,,,,,,,,
683,67389,6290,8423.63,786.25,,,,,,,,,,,,
684,27505,2196,6876.25,549.00,,,,,,,,,,,,
685,23839,2129,5959.75,532.25,,,,,,,,,,,,
686,57498,5694,5749.80,569.40,,,,,,,,,,,,
687,19078,1604,9539.00,802.00,,,,,,,,,,,,
688,9373,1104,2343.25,276.00,,,,,,,,,,,,
689,26642,2743,4440.33,457.17,,,,,,,,,,,,
690,24428,3636,4885.60,727.20,,,,,,,,,,,,
691,25452,1752,8484.00,584.00,,,,,,,,,,,,
692,18160,2986,3632.00,597.20,,,,,,,,,,,,
693,20955,1000,5238.75,250.00,,,,,,,,,,,,
694,35091,3428,5848.50,571.33,,,,,,,,,,,,
695,17070,1763,4267.50,440.75,,,,,,,,,,,,
696,20899,2843,5224.75,710.75,,,,,,,,,,,,
697,33564,2730,8391.00,682.50,,,,,,,,,,,,
698,44889,5543,11222.25,1385.75,,,,,,,,,,,,
699,31295,2925,6259.00,585.00,,,,,,,,,,,,
700,15703,1295,3925.75,323.75,,,,,,,,,,,,
701,20422,3336,2552.75,417.00,,,,,,,,,,,,
702,24157,1150,4026.17,191.67,,,,,,,,,,,,
703,16295,1657,2327.86,236.71,,,,,,,,,,,,
704,44502,3419,8900.40,683.80,,,,,,,,,,,,
705,33321,4134,6664.20,826.80,,,,,,,,,,,,
706,40475,3698,5059.38,462.25,,,,,,,,,,,,
707,18210,2534,6070.00,844.67,,,,,,,,,,,,
708,19335,2020,4833.75,505.00,,,,,,,,,,,,
709,41506,4227,6917.67,704.50,,,,,,,,,,,,
710,3758,317,1879.00,158.50,,,,,,,,,,,,
711,24175,1615,6043.75,403.75,,,,,,,,,,,,
712,24672,1347,6168.00,336.75,,,,,,,,,,,,
713,27828,1299,9276.00,433.00,,,,,,,,,,,,
714,10919,844,3639.67,281.33,,,,,,,,,,,,
715,34393,1889,3439.30,188.90,,,,,,,,,,,,
716,15939,1221,5313.00,407.00,,,,,,,,,,,,
717,14563,729,2912.60,145.80,,,,,,,,,,,,
718,46246,5024,6606.57,717.71,,,,,,,,,,,,
719,8635,739,8635.00,739.00,,,,,,,,,,,,
720,34791,2981,3865.67,331.22,,,,,,,,,,,,
721,53441,5212,7634.43,744.57,,,,,,,,,,,,
722,36660,5843,6110.00,973.83,,,,,,,,,,,,
723,35913,3006,5985.50,501.00,,,,,,,,,,,,
724,10355,0,3451.67,0.00,,,,,,,,,,,,
725,20411,2290,3401.83,381.67,,,,,,,,,,,,
726,35001,4718,5833.50,786.33,,,,,,,,,,,,
727,8062,938,2687.33,312.67,,,,,,,,,,,,
728,10236,861,3412.00,287.00,,,,,,,,,,,,
729,47908,5234,9581.60,1046.80,,,,,,,,,,,,
730,28157,4514,4692.83,752.33,,,,,,,,,,,,
731,47293,5495,6756.14,785.00,,,,,,,,,,,,
732,54049,7243,5404.90,724.30,,,,,,,,,,,,
733,60003,13660,15000.75,3415.00,,,,,,,,,,,,
734,7804,813,3902.00,406.50,,,,,,,,,,,,
735,34874,3042,4359.25,380.25,,,,,,,,,,,,
736,14978,1431,4992.67,477.00,,,,,,,,,,,,
737,40994,5673,6832.33,945.50,,,,,,,,,,,,
738,64427,5191,9203.86,741.57,,,,,,,,,,,,
739,55962,3598,9327.00,599.67,,,,,,,,,,,,
740,12316,875,6158.00,437.50,,,,,,,,,,,,
741,22191,1860,7397.00,620.00,,,,,,,,,,,,
742,52938,4737,7562.57,676.71,,,,,,,,,,,,
743,10509,1241,2101.80,248.20,,,,,,,,,,,,
744,49654,5176,4965.40,517.60,,,,,,,,,,,,
745,9317,2338,3105.67,779.33,,,,,,,,,,,,
746,23143,2140,2571.44,237.78,,,,,,,,,,,,
747,24191,786,8063.67,262.00,,,,,,,,,,,,
748,20765,1554,4153.00,310.80,,,,,,,,,,,,
749,26498,3823,4416.33,637.17,,,,,,,,,,,,
750,13684,1049,2736.80,209.80,,,,,,,,,,,,
751,15568,1709,3113.60,341.80,,,,,,,,,,,,
752,26860,1528,6715.00,382.00,,,,,,,,,,,,
753,26469,2276,5293.80,455.20,,,,,,,,,,,,
754,30274,2701,5045.67,450.17,,,,,,,,,,,,
755,36147,2854,9036.75,713.50,,,,,,,,,,,,
756,31670,4473,10556.67,1491.00,,,,,,,,,,,,
757,19780,1072,6593.33,357.33,,,,,,,,,,,,
758,36326,4225,4036.22,469.44,,,,,,,,,,,,
759,29277,3324,4182.43,474.86,,,,,,,,,,,,
760,21543,3835,3590.50,639.17,,,,,,,,,,,,
761,33453,2118,8363.25,529.50,,,,,,,,,,,,
762,13949,1314,2789.80,262.80,,,,,,,,,,,,
763,37492,3438,4686.50,429.75,,,,,,,,,,,,
764,10077,619,3359.00,206.33,,,,,,,,,,,,
765,29367,2339,7341.75,584.75,,,,,,,,,,,,
766,13985,1120,4661.67,373.33,,,,,,,,,,,,
767,0,426,0.00,213.00,,,,,,,,,,,,
768,70951,7590,11825.17,1265.00,,,,,,,,,,,,
769,84191,24172,12027.29,3453.14,,,,,,,,,,,,
770,3688,1035,1844.00,517.50,,,,,,,,,,,,
771,24752,1808,6188.00,452.00,,,,,,,,,,,,
772,25374,3447,2537.40,344.70,,,,,,,,,,,,
773,30557,3468,6111.40,693.60,,,,,,,,,,,,
774,20327,1287,3387.83,214.50,,,,,,,,,,,,
775,0,0,0.00,0.00,,,,,,,,,,,,
776,20672,1693,4134.40,338.60,,,,,,,,,,,,
777,3396,314,1698.00,157.00,,,,,,,,,,,,
778,6736,0,3368.00,0.00,,,,,,,,,,,,
779,30393,3030,7598.25,757.50,,,,,,,,,,,,
780,36533,4252,4059.22,472.44,,,,,,,,,,,,
781,16365,2422,2337.86,346.00,,,,,,,,,,,,
782,17561,1653,5853.67,551.00,,,,,,,,,,,,
783,11666,1215,2916.50,303.75,,,,,,,,,,,,
784,28209,1629,5641.80,325.80,,,,,,,,,,,,
786,18015,2601,4503.75,650.25,,,,,,,,,,,,
787,20248,2166,10124.00,1083.00,,,,,,,,,,,,
788,66454,7950,13290.80,1590.00,,,,,,,,,,,,
789,16262,2270,2710.33,378.33,,,,,,,,,,,,
790,33253,2912,5542.17,485.33,,,,,,,,,,,,
791,44649,4505,6378.43,643.57,,,,,,,,,,,,
792,13141,1284,4380.33,428.00,,,,,,,,,,,,
793,6704,398,2234.67,132.67,,,,,,,,,,,,
794,8685,1473,2895.00,491.00,,,,,,,,,,,,
795,11985,1341,1997.50,223.50,,,,,,,,,,,,
796,6259,1345,1043.17,224.17,,,,,,,,,,,,
797,5533,343,922.17,57.17,,,,,,,,,,,,
798,29950,2143,7487.50,535.75,,,,,,,,,,,,
799,17485,1802,5828.33,600.67,,,,,,,,,,,,
800,32282,2413,4611.71,344.71,,,,,,,,,,,,
801,50774,4401,3905.69,338.54,,,,,,,,,,,,
802,14717,0,7358.50,0.00,,,,,,,,,,,,
803,18675,1501,4668.75,375.25,,,,,,,,,,,,
804,10102,946,2525.50,236.50,,,,,,,,,,,,
805,26702,2012,5340.40,402.40,,,,,,,,,,,,
806,38427,1984,4803.38,248.00,,,,,,,,,,,,
807,35676,2865,7135.20,573.00,,,,,,,,,,,,
808,15076,1238,5025.33,412.67,,,,,,,,,,,,
809,57628,4230,8232.57,604.29,,,,,,,,,,,,
810,5170,456,5170.00,456.00,,,,,,,,,,,,
811,22095,3623,3156.43,517.57,,,,,,,,,,,,
812,36838,4624,6139.67,770.67,,,,,,,,,,,,
813,12580,1438,4193.33,479.33,,,,,,,,,,,,
814,33463,2947,4780.43,421.00,,,,,,,,,,,,
815,28337,2059,5667.40,411.80,,,,,,,,,,,,
816,30398,4271,4342.57,610.14,,,,,,,,,,,,
817,101644,11612,16940.67,1935.33,,,,,,,,,,,,
818,23144,2490,3857.33,415.00,,,,,,,,,,,,
819,16251,2208,2708.50,368.00,,,,,,,,,,,,
820,21723,2156,10861.50,1078.00,,,,,,,,,,,,
821,25324,2731,6331.00,682.75,,,,,,,,,,,,
822,60940,5287,6771.11,587.44,,,,,,,,,,,,
823,6838,644,1709.50,161.00,,,,,,,,,,,,
824,22496,2899,5624.00,724.75,,,,,,,,,,,,
825,14771,1607,3692.75,401.75,,,,,,,,,,,,
826,65432,5926,5948.36,538.73,,,,,,,,,,,,
827,66201,8867,13240.20,1773.40,,,,,,,,,,,,
828,34039,3911,5673.17,651.83,,,,,,,,,,,,
829,34561,4734,4937.29,676.29,,,,,,,,,,,,
830,29790,2446,5958.00,489.20,,,,,,,,,,,,
831,41887,3257,8377.40,651.40,,,,,,,,,,,,
832,32778,2702,4097.25,337.75,,,,,,,,,,,,
833,4565,484,4565.00,484.00,,,,,,,,,,,,
834,28976,3485,4829.33,580.83,,,,,,,,,,,,
835,21591,2632,3598.50,438.67,,,,,,,,,,,,
836,23694,1933,3384.86,276.14,,,,,,,,,,,,
837,16825,2186,3365.00,437.20,,,,,,,,,,,,
838,26562,4093,5312.40,818.60,,,,,,,,,,,,
839,21312,2612,3552.00,435.33,,,,,,,,,,,,
840,43176,6135,8635.20,1227.00,,,,,,,,,,,,
841,10356,1442,3452.00,480.67,,,,,,,,,,,,
842,35808,2496,7161.60,499.20,,,,,,,,,,,,
843,57728,6075,9621.33,1012.50,,,,,,,,,,,,
845,3917,295,3917.00,295.00,,,,,,,,,,,,
846,58453,5316,8350.43,759.43,,,,,,,,,,,,
847,52914,7598,7559.14,1085.43,,,,,,,,,,,,
848,22251,2846,3178.71,406.57,,,,,,,,,,,,
849,34518,4084,4931.14,583.43,,,,,,,,,,,,
850,20584,1667,5146.00,416.75,,,,,,,,,,,,
851,11377,478,3792.33,159.33,,,,,,,,,,,,
852,32929,4585,3658.78,509.44,,,,,,,,,,,,
853,55697,6859,7956.71,979.86,,,,,,,,,,,,
854,17246,2691,2874.33,448.50,,,,,,,,,,,,
855,32077,3268,3207.70,326.80,,,,,,,,,,,,
856,53520,7006,5352.00,700.60,,,,,,,,,,,,
857,38693,3822,7738.60,764.40,,,,,,,,,,,,
858,0,373,0.00,373.00,,,,,,,,,,,,
859,13891,1355,4630.33,451.67,,,,,,,,,,,,
860,17585,2265,5861.67,755.00,,,,,,,,,,,,
861,9526,1471,1905.20,294.20,,,,,,,,,,,,
862,37287,2341,7457.40,468.20,,,,,,,,,,,,
863,35879,4418,5979.83,736.33,,,,,,,,,,,,
864,13445,1268,2689.00,253.60,,,,,,,,,,,,
865,30167,1965,6033.40,393.00,,,,,,,,,,,,
866,32150,1334,5358.33,222.33,,,,,,,,,,,,
867,10616,433,5308.00,216.50,,,,,,,,,,,,
868,46739,3097,9347.80,619.40,,,,,,,,,,,,
869,37528,6197,4691.00,774.63,,,,,,,,,,,,
870,43053,4969,8610.60,993.80,,,,,,,,,,,,
871,5138,407,5138.00,407.00,,,,,,,,,,,,
872,35925,3631,7185.00,726.20,,,,,,,,,,,,
873,21405,2607,4281.00,521.40,,,,,,,,,,,,
874,13893,1628,3473.25,407.00,,,,,,,,,,,,
875,29974,3226,3330.44,358.44,,,,,,,,,,,,
876,10732,1267,3577.33,422.33,,,,,,,,,,,,
877,6087,1841,3043.50,920.50,,,,,,,,,,,,
878,68549,4878,7616.56,542.00,,,,,,,,,,,,
879,10373,1045,3457.67,348.33,,,,,,,,,,,,
880,14563,1612,7281.50,806.00,,,,,,,,,,,,
881,29837,3756,4262.43,536.57,,,,,,,,,,,,
882,24572,3164,4095.33,527.33,,,,,,,,,,,,
883,12095,1413,3023.75,353.25,,,,,,,,,,,,
884,26038,2376,2603.80,237.60,,,,,,,,,,,,
885,4876,692,1625.33,230.67,,,,,,,,,,,,
886,31762,2612,4537.43,373.14,,,,,,,,,,,,
887,24721,1997,6180.25,499.25,,,,,,,,,,,,
888,31632,3106,4518.86,443.71,,,,,,,,,,,,
889,31257,3277,3907.13,409.63,,,,,,,,,,,,
890,28116,1635,5623.20,327.00,,,,,,,,,,,,
891,18640,2462,9320.00,1231.00,,,,,,,,,,,,
892,17232,1684,3446.40,336.80,,,,,,,,,,,,
893,23990,3176,3998.33,529.33,,,,,,,,,,,,
894,53945,6628,8990.83,1104.67,,,,,,,,,,,,
895,31689,2866,7922.25,716.50,,,,,,,,,,,,
896,50449,7856,7207.00,1122.29,,,,,,,,,,,,
897,10811,1334,2702.75,333.50,,,,,,,,,,,,
898,27458,3796,5491.60,759.20,,,,,,,,,,,,
899,37102,2688,5300.29,384.00,,,,,,,,,,,,
900,20207,1251,6735.67,417.00,,,,,,,,,,,,
901,26519,2342,6629.75,585.50,,,,,,,,,,,,
902,31390,2715,4484.29,387.86,,,,,,,,,,,,
903,21734,2249,3622.33,374.83,,,,,,,,,,,,
904,14046,1522,4682.00,507.33,,,,,,,,,,,,
905,48619,3711,8103.17,618.50,,,,,,,,,,,,
906,42180,5012,6025.71,716.00,,,,,,,,,,,,
907,42691,5500,5336.38,687.50,,,,,,,,,,,,
908,23246,2506,3320.86,358.00,,,,,,,,,,,,
909,37736,5048,6289.33,841.33,,,,,,,,,,,,
910,48201,4657,4820.10,465.70,,,,,,,,,,,,
911,16879,900,5626.33,300.00,,,,,,,,,,,,
912,0,0,0.00,0.00,,,,,,,,,,,,
913,45163,6358,7527.17,1059.67,,,,,,,,,,,,
914,38656,3393,5522.29,484.71,,,,,,,,,,,,
915,33713,1683,6742.60,336.60,,,,,,,,,,,,
916,30116,2468,6023.20,493.60,,,,,,,,,,,,
917,16063,1953,3212.60,390.60,,,,,,,,,,,,
918,32556,2941,5426.00,490.17,,,,,,,,,,,,
919,0,0,0.00,0.00,,,,,,,,,,,,
920,19965,1958,6655.00,652.67,,,,,,,,,,,,
921,40397,4729,10099.25,1182.25,,,,,,,,,,,,
922,23729,2271,5932.25,567.75,,,,,,,,,,,,
923,19858,2272,4964.50,568.00,,,,,,,,,,,,
924,28097,2643,4013.86,377.57,,,,,,,,,,,,
925,7194,0,2398.00,0.00,,,,,,,,,,,,
926,35340,2383,8835.00,595.75,,,,,,,,,,,,
927,21445,2003,4289.00,400.60,,,,,,,,,,,,
928,5176,489,1725.33,163.00,,,,,,,,,,,,
929,29228,2884,4175.43,412.00,,,,,,,,,,,,
930,13094,2091,4364.67,697.00,,,,,,,,,,,,
931,20761,1961,2965.86,280.14,,,,,,,,,,,,
932,32071,1605,6414.20,321.00,,,,,,,,,,,,
933,6763,869,6763.00,869.00,,,,,,,,,,,,
934,36455,2858,7291.00,571.60,,,,,,,,,,,,
935,20216,2208,2527.00,276.00,,,,,,,,,,,,
936,8266,1064,4133.00,532.00,,,,,,,,,,,,
937,31002,2582,4428.86,368.86,,,,,,,,,,,,
938,29714,2972,9904.67,990.67,,,,,,,,,,,,
939,28960,1288,7240.00,322.00,,,,,,,,,,,,
940,31398,3135,7849.50,783.75,,,,,,,,,,,,
941,20200,2372,4040.00,474.40,,,,,,,,,,,,
942,23104,1769,5776.00,442.25,,,,,,,,,,,,
943,35980,2288,5996.67,381.33,,,,,,,,,,,,
944,28609,3069,9536.33,1023.00,,,,,,,,,,,,
945,17822,1890,3564.40,378.00,,,,,,,,,,,,
946,13531,1693,4510.33,564.33,,,,,,,,,,,,
947,31025,5679,5170.83,946.50,,,,,,,,,,,,
948,31823,7727,6364.60,1545.40,,,,,,,,,,,,
949,37926,3106,4740.75,388.25,,,,,,,,,,,,
950,31640,3060,4520.00,437.14,,,,,,,,,,,,
951,38779,3575,7755.80,715.00,,,,,,,,,,,,
952,0,0,0.00,0.00,,,,,,,,,,,,
953,20885,1326,5221.25,331.50,,,,,,,,,,,,
954,41741,5691,3794.64,517.36,,,,,,,,,,,,
955,24058,1344,4811.60,268.80,,,,,,,,,,,,
956,20837,2686,3472.83,447.67,,,,,,,,,,,,
957,32736,3308,6547.20,661.60,,,,,,,,,,,,
958,12970,1638,4323.33,546.00,,,,,,,,,,,,
959,43545,4511,6220.71,644.43,,,,,,,,,,,,
960,12640,1033,4213.33,344.33,,,,,,,,,,,,
961,34730,3387,4961.43,483.86,,,,,,,,,,,,
962,45686,6380,6526.57,911.43,,,,,,,,,,,,
963,60493,3620,10082.17,603.33,,,,,,,,,,,,
964,47750,8007,7958.33,1334.50,,,,,,,,,,,,
965,63721,4752,7965.13,594.00,,,,,,,,,,,,
966,9629,1831,3209.67,610.33,,,,,,,,,,,,
967,32396,3609,6479.20,721.80,,,,,,,,,,,,
968,18809,2296,3761.80,459.20,,,,,,,,,,,,
969,35907,4864,3590.70,486.40,,,,,,,,,,,,
970,16154,1326,2692.33,221.00,,,,,,,,,,,,
971,43166,5135,7194.33,855.83,,,,,,,,,,,,
972,23238,2527,2904.75,315.88,,,,,,,,,,,,
973,9594,1015,9594.00,1015.00,,,,,,,,,,,,
974,48226,6384,8037.67,1064.00,,,,,,,,,,,,
975,21495,2319,7165.00,773.00,,,,,,,,,,,,
976,18276,1796,9138.00,898.00,,,,,,,,,,,,
977,9850,1011,4925.00,505.50,,,,,,,,,,,,
978,25299,3262,4216.50,543.67,,,,,,,,,,,,
979,59962,5870,5996.20,587.00,,,,,,,,,,,,
980,13271,1121,6635.50,560.50,,,,,,,,,,,,
981,23941,2409,7980.33,803.00,,,,,,,,,,,,
982,23431,2027,4686.20,405.40,,,,,,,,,,,,
983,29806,2176,5961.20,435.20,,,,,,,,,,,,
984,18742,2220,4685.50,555.00,,,,,,,,,,,,
985,8954,1612,4477.00,806.00,,,,,,,,,,,,
986,11515,2646,1919.17,441.00,,,,,,,,,,,,
987,17985,2452,5995.00,817.33,,,,,,,,,,,,
988,9197,2278,3065.67,759.33,,,,,,,,,,,,
989,22587,2196,4517.40,439.20,,,,,,,,,,,,
990,6090,584,3045.00,292.00,,,,,,,,,,,,
991,69129,6486,5317.62,498.92,,,,,,,,,,,,
992,4881,1218,2440.50,609.00,,,,,,,,,,,,
993,20784,2196,5196.00,549.00,,,,,,,,,,,,
994,8393,774,2797.67,258.00,,,,,,,,,,,,
995,16890,1468,8445.00,734.00,,,,,,,,,,,,
996,37285,4506,4660.63,563.25,,,,,,,,,,,,
997,38143,2750,4238.11,305.56,,,,,,,,,,,,
998,13150,1590,2630.00,318.00,,,,,,,,,,,,
999,40143,3224,5734.71,460.57,,,,,,,,,,,,
1000,6956,638,6956.00,638.00,,,,,,,,,,,,
1001,15391,1954,3847.75,488.50,,,,,,,,,,,,
1002,11246,1335,2811.50,333.75,,,,,,,,,,,,
1003,31972,1729,5328.67,288.17,,,,,,,,,,,,
1004,26445,2304,4407.50,384.00,,,,,,,,,,,,
1005,54554,7861,6061.56,873.44,,,,,,,,,,,,
1006,5911,839,5911.00,839.00,,,,,,,,,,,,
1007,29762,2440,7440.50,610.00,,,,,,,,,,,,
1008,15527,2042,3105.40,408.40,,,,,,,,,,,,
1009,6983,1370,1745.75,342.50,,,,,,,,,,,,
1010,86362,5321,7851.09,483.73,,,,,,,,,,,,
1011,18815,2401,6271.67,800.33,,,,,,,,,,,,
1012,15954,1447,5318.00,482.33,,,,,,,,,,,,
1013,23986,2490,3426.57,355.71,,,,,,,,,,,,
1014,80750,9265,10093.75,1158.13,,,,,,,,,,,,
1015,33577,2343,4197.13,292.88,,,,,,,,,,,,
1016,17210,2231,2458.57,318.71,,,,,,,,,,,,
1017,57140,8000,6348.89,888.89,,,,,,,,,,,,
1018,23480,2733,5870.00,683.25,,,,,,,,,,,,
1019,9807,796,2451.75,199.00,,,,,,,,,,,,
1020,39733,4740,9933.25,1185.00,,,,,,,,,,,,
1021,41526,4189,8305.20,837.80,,,,,,,,,,,,
1022,38023,3507,5431.86,501.00,,,,,,,,,,,,
1023,41346,4569,4594.00,507.67,,,,,,,,,,,,
1024,20956,2536,3492.67,422.67,,,,,,,,,,,,
1025,6443,745,6443.00,745.00,,,,,,,,,,,,
1026,18890,1450,6296.67,483.33,,,,,,,,,,,,
1027,38361,3435,12787.00,1145.00,,,,,,,,,,,,
1028,19115,2326,2730.71,332.29,,,,,,,,,,,,
1029,7852,1005,7852.00,1005.00,,,,,,,,,,,,
1030,8693,796,2897.67,265.33,,,,,,,,,,,,
1031,29779,2608,4254.14,372.57,,,,,,,,,,,,
1032,40691,5025,5813.00,717.86,,,,,,,,,,,,
1033,52785,3715,13196.25,928.75,,,,,,,,,,,,
1034,38453,2874,7690.60,574.80,,,,,,,,,,,,
1035,31480,3812,3497.78,423.56,,,,,,,,,,,,
1036,19304,1808,3860.80,361.60,,,,,,,,,,,,
1037,11874,1458,3958.00,486.00,,,,,,,,,,,,
1038,20671,1823,3445.17,303.83,,,,,,,,,,,,
1039,25369,3080,8456.33,1026.67,,,,,,,,,,,,
1040,11893,1148,5946.50,574.00,,,,,,,,,,,,
1041,15059,1890,3764.75,472.50,,,,,,,,,,,,
1042,22234,2877,3705.67,479.50,,,,,,,,,,,,
1043,35383,8727,4422.88,1090.88,,,,,,,,,,,,
1044,18268,2511,4567.00,627.75,,,,,,,,,,,,
1045,55882,6733,9313.67,1122.17,,,,,,,,,,,,
1046,76666,4482,7666.60,448.20,,,,,,,,,,,,
1047,32888,3362,4111.00,420.25,,,,,,,,,,,,
1048,23242,1755,7747.33,585.00,,,,,,,,,,,,
1049,11664,1838,2916.00,459.50,,,,,,,,,,,,
1050,41115,3033,5873.57,433.29,,,,,,,,,,,,
1051,20092,1158,6697.33,386.00,,,,,,,,,,,,
1052,39966,4379,6661.00,729.83,,,,,,,,,,,,
1053,47207,5573,6743.86,796.14,,,,,,,,,,,,
1054,29455,4077,4909.17,679.50,,,,,,,,,,,,
1055,46414,5927,7735.67,987.83,,,,,,,,,,,,
1056,15951,1640,1993.88,205.00,,,,,,,,,,,,
1057,15722,2012,3930.50,503.00,,,,,,,,,,,,
1058,38787,3931,5541.00,561.57,,,,,,,,,,,,
1059,31785,5703,5297.50,950.50,,,,,,,,,,,,
1060,8706,913,4353.00,456.50,,,,,,,,,,,,
1061,38088,2795,5441.14,399.29,,,,,,,,,,,,
1062,5982,0,5982.00,0.00,,,,,,,,,,,,
1063,35322,4404,3532.20,440.40,,,,,,,,,,,,
1064,45144,5002,9028.80,1000.40,,,,,,,,,,,,
1065,12213,1515,3053.25,378.75,,,,,,,,,,,,
1066,30240,3030,7560.00,757.50,,,,,,,,,,,,
1067,22404,1803,7468.00,601.00,,,,,,,,,,,,
1068,15806,1039,3951.50,259.75,,,,,,,,,,,,
1069,9915,1219,2478.75,304.75,,,,,,,,,,,,
1070,28153,3436,7038.25,859.00,,,,,,,,,,,,
1071,23516,1179,4703.20,235.80,,,,,,,,,,,,
1072,36800,2437,7360.00,487.40,,,,,,,,,,,,
1073,12717,2424,3179.25,606.00,,,,,,,,,,,,
1074,10020,1191,5010.00,595.50,,,,,,,,,,,,
1075,55462,4339,11092.40,867.80,,,,,,,,,,,,
1076,20743,3301,2963.29,471.57,,,,,,,,,,,,
1077,15110,1629,5036.67,543.00,,,,,,,,,,,,
1078,14785,1870,2112.14,267.14,,,,,,,,,,,,
1079,17287,1419,4321.75,354.75,,,,,,,,,,,,
1080,42791,3464,10697.75,866.00,,,,,,,,,,,,
1081,44181,6665,7363.50,1110.83,,,,,,,,,,,,
1082,49347,6077,5483.00,675.22,,,,,,,,,,,,
1083,32283,2194,5380.50,365.67,,,,,,,,,,,,
1084,18563,3315,4640.75,828.75,,,,,,,,,,,,
1085,27555,2204,5511.00,440.80,,,,,,,,,,,,
1086,23898,2032,4779.60,406.40,,,,,,,,,,,,
1087,11355,1145,3785.00,381.67,,,,,,,,,,,,
1088,22403,2209,3733.83,368.17,,,,,,,,,,,,
1089,41110,3106,6851.67,517.67,,,,,,,,,,,,
1090,52821,6128,6602.63,766.00,,,,,,,,,,,,
1091,18921,1842,6307.00,614.00,,,,,,,,,,,,
1092,0,0,0.00,0.00,,,,,,,,,,,,
1093,23004,2037,7668.00,679.00,,,,,,,,,,,,
1094,20560,2048,3426.67,341.33,,,,,,,,,,,,
1095,14596,2864,1824.50,358.00,,,,,,,,,,,,
1096,32589,2218,4073.63,277.25,,,,,,,,,,,,
1097,18080,4845,9040.00,2422.50,,,,,,,,,,,,
1098,6974,853,6974.00,853.00,,,,,,,,,,,,
1099,45298,5640,6471.14,805.71,,,,,,,,,,,,
1100,17600,2340,5866.67,780.00,,,,,,,,,,,,
1101,24463,3632,6115.75,908.00,,,,,,,,,,,,
1102,25934,2193,6483.50,548.25,,,,,,,,,,,,
1103,19401,1916,2771.57,273.71,,,,,,,,,,,,
1104,23724,1969,4744.80,393.80,,,,,,,,,,,,
1105,20520,1912,4104.00,382.40,,,,,,,,,,,,
1106,31469,3683,4495.57,526.14,,,,,,,,,,,,
1107,11242,1255,3747.33,418.33,,,,,,,,,,,,
1108,32050,2472,5341.67,412.00,,,,,,,,,,,,
1109,16720,1450,3344.00,290.00,,,,,,,,,,,,
1110,25945,2790,4324.17,465.00,,,,,,,,,,,,
1111,10702,1034,3567.33,344.67,,,,,,,,,,,,
Grand Total,31138681,3266152,5559.49,583.14,,,,,,,,,,,,